Frame Number,Rigid Body ID,Position X,Position Y,Position Z,Orientation W,Orientation X,Orientation Y,Orientation Z
1,-0.7343214154243469,0.013026505708694458,2.051018476486206,-0.05219266563653946,-0.004721576347947121,-0.0217194352298975,0.998389720916748
1,-0.7343330383300781,0.01303914561867714,2.051030397415161,-0.0526500828564167,-0.004751093219965696,-0.021858686581254005,0.9983624815940857
1,-0.734372615814209,0.013051887042820454,2.051020860671997,-0.05309632420539856,-0.004788581281900406,-0.021962884813547134,0.9983363747596741
